{"vinyls.epic_disc":{"sounds":[{"name":"records/epic_disc","stream":true}]},"vinyls.legendary_disc":{"sounds":[{"name":"records/legendary_disc","stream":true}]},"vinyls.system-of-a-down-toxicity":{"sounds":[{"name":"records/system-of-a-down-toxicity","stream":true}]},"vinyls.system-of-a-down-chop-suey":{"sounds":[{"name":"records/system-of-a-down-chop-suey","stream":true}]},"vinyls.system-of-a-down-chic-n-stu":{"sounds":[{"name":"records/system-of-a-down-chic-n-stu","stream":true}]},"vinyls.let-me-know":{"sounds":[{"name":"records/let-me-know","stream":true}]},"vinyls.roddy-ricch-ricch-forever":{"sounds":[{"name":"records/roddy-ricch-ricch-forever","stream":true}]},"vinyls.fetty-wap-trap-queen_1":{"sounds":[{"name":"records/fetty-wap-trap-queen_1","stream":true}]},"vinyls.fetty-wap-again_1":{"sounds":[{"name":"records/fetty-wap-again_1","stream":true}]},"vinyls.kanye-west-on-sight":{"sounds":[{"name":"records/kanye-west-on-sight","stream":true}]},"vinyls.low-taper-fade":{"sounds":[{"name":"records/low-taper-fade","stream":true}]}}