{"parent":"minecraft:item/generated","textures":{"layer0":"item/paper"},"overrides":[{"predicate":{"custom_model_data":1},"model":"minecraft:item/music_disc_cat"},{"predicate":{"custom_model_data":2},"model":"minecraft:item/music_disc_cat"},{"predicate":{"custom_model_data":3},"model":"minecraft:item/music_disc_cat"},{"predicate":{"custom_model_data":4},"model":"minecraft:item/music_disc_cat"},{"predicate":{"custom_model_data":5},"model":"minecraft:item/music_disc_cat"},{"predicate":{"custom_model_data":6},"model":"minecraft:item/music_disc_cat"},{"predicate":{"custom_model_data":7},"model":"minecraft:item/music_disc_cat"},{"predicate":{"custom_model_data":8},"model":"minecraft:item/music_disc_cat"},{"predicate":{"custom_model_data":9},"model":"minecraft:item/music_disc_cat"}]}